"","PREDNN","PREDAUTONN","PREDAUTOARIMA","PREDARIMA","ENS1","ENS2"
"1",29.6840050185864,37.3798300631466,25.8478157773023,24.8731828838965,31.5599726844178,30.9336075725476
